NO,Age,Sex,Job,Housing,Saving accounts,Checking account,Credit amount,Duration,Purpose
1.0,67.0,male,2.0,own,little,little,1169.0,6.0,radio/TV
2.0,22.0,female,2.0,own,little,moderate,5951.0,48.0,radio/TV
3.0,49.0,male,1.0,own,little,little,2096.0,12.0,education
4.0,45.0,male,2.0,free,little,little,7882.0,42.0,furniture/equipment
5.0,53.0,male,2.0,free,little,little,4870.0,24.0,car
6.0,35.0,male,1.0,free,little,little,9055.0,36.0,education
7.0,53.0,male,2.0,own,quite rich,little,2835.0,24.0,furniture/equipment
8.0,35.0,male,3.0,rent,little,moderate,6948.0,36.0,car
9.0,61.0,male,1.0,own,rich,little,3059.0,12.0,radio/TV
10.0,28.0,male,3.0,own,little,moderate,5234.0,30.0,car
11.0,25.0,female,2.0,rent,little,moderate,1295.0,12.0,car
12.0,24.0,female,2.0,rent,little,little,4308.0,48.0,business
13.0,22.0,female,2.0,own,little,moderate,1567.0,12.0,radio/TV
14.0,60.0,male,1.0,own,little,little,1199.0,24.0,car
15.0,28.0,female,2.0,rent,little,little,1403.0,15.0,car
16.0,32.0,female,1.0,own,moderate,little,1282.0,24.0,radio/TV
17.0,53.0,male,2.0,own,little,little,2424.0,24.0,radio/TV
18.0,25.0,male,2.0,own,little,little,8072.0,30.0,business
19.0,44.0,female,3.0,free,little,moderate,12579.0,24.0,car
20.0,31.0,male,2.0,own,quite rich,little,3430.0,24.0,radio/TV
21.0,48.0,male,2.0,own,little,little,2134.0,9.0,car
22.0,44.0,male,2.0,rent,quite rich,little,2647.0,6.0,radio/TV
23.0,48.0,male,1.0,rent,little,little,2241.0,10.0,car
24.0,44.0,male,2.0,own,moderate,moderate,1804.0,12.0,car
25.0,26.0,male,2.0,own,little,little,2069.0,10.0,furniture/equipment
26.0,36.0,male,1.0,own,little,little,1374.0,6.0,furniture/equipment
27.0,39.0,male,1.0,own,little,little,426.0,6.0,radio/TV
28.0,42.0,female,2.0,rent,rich,rich,409.0,12.0,radio/TV
29.0,34.0,male,2.0,own,little,moderate,2415.0,7.0,radio/TV
30.0,63.0,male,2.0,own,little,little,6836.0,60.0,business
31.0,36.0,male,2.0,own,rich,moderate,1913.0,18.0,business
32.0,27.0,male,2.0,own,little,little,4020.0,24.0,furniture/equipment
33.0,30.0,male,2.0,own,moderate,moderate,5866.0,18.0,car
34.0,57.0,male,1.0,rent,little,little,1264.0,12.0,business
35.0,33.0,female,3.0,own,little,rich,1474.0,12.0,furniture/equipment
36.0,25.0,male,1.0,own,little,moderate,4746.0,45.0,radio/TV
37.0,31.0,male,2.0,free,little,little,6110.0,48.0,education
38.0,37.0,male,2.0,own,little,rich,2100.0,18.0,radio/TV
39.0,37.0,male,2.0,own,little,rich,1225.0,10.0,domestic appliances
40.0,24.0,male,2.0,own,little,moderate,458.0,9.0,radio/TV
41.0,30.0,male,3.0,own,quite rich,little,2333.0,30.0,radio/TV
42.0,26.0,male,2.0,own,quite rich,moderate,1158.0,12.0,radio/TV
43.0,44.0,male,1.0,own,little,moderate,6204.0,18.0,repairs
44.0,24.0,male,2.0,rent,moderate,little,6187.0,30.0,car
45.0,58.0,female,1.0,free,little,little,6143.0,48.0,car
46.0,35.0,female,3.0,own,little,little,1393.0,11.0,car
47.0,39.0,male,2.0,own,quite rich,little,2299.0,36.0,radio/TV
48.0,23.0,female,0.0,rent,quite rich,little,1352.0,6.0,car
49.0,39.0,male,1.0,own,little,little,7228.0,11.0,car
50.0,28.0,female,2.0,own,moderate,little,2073.0,12.0,radio/TV
51.0,29.0,male,1.0,own,little,moderate,2333.0,24.0,furniture/equipment
52.0,30.0,male,3.0,own,little,moderate,5965.0,27.0,car
53.0,25.0,male,2.0,own,little,little,1262.0,12.0,radio/TV
54.0,31.0,male,2.0,own,little,little,3378.0,18.0,car
55.0,57.0,male,2.0,free,little,moderate,2225.0,36.0,car
56.0,26.0,male,1.0,own,little,little,783.0,6.0,car
57.0,52.0,male,3.0,own,little,moderate,6468.0,12.0,radio/TV
58.0,31.0,female,2.0,own,little,little,9566.0,36.0,radio/TV
59.0,23.0,female,3.0,own,little,rich,1961.0,18.0,car
60.0,23.0,female,1.0,rent,little,little,6229.0,36.0,furniture/equipment
61.0,27.0,male,2.0,own,little,moderate,1391.0,9.0,business
62.0,50.0,male,2.0,own,little,moderate,1537.0,15.0,radio/TV
63.0,61.0,male,3.0,free,little,moderate,1953.0,36.0,business
64.0,25.0,male,2.0,own,little,moderate,14421.0,48.0,business
65.0,26.0,female,2.0,own,little,little,3181.0,24.0,radio/TV
66.0,48.0,male,2.0,own,little,little,5190.0,27.0,repairs
67.0,29.0,female,2.0,own,little,little,2171.0,12.0,radio/TV
68.0,22.0,male,2.0,own,rich,moderate,1007.0,12.0,car
69.0,37.0,male,2.0,free,little,little,1819.0,36.0,education
70.0,25.0,female,2.0,own,little,little,2394.0,36.0,radio/TV
71.0,30.0,female,2.0,own,little,little,8133.0,36.0,car
72.0,46.0,male,1.0,rent,little,little,730.0,7.0,radio/TV
73.0,51.0,male,3.0,free,little,little,1164.0,8.0,vacation/others
74.0,41.0,female,1.0,own,little,moderate,5954.0,42.0,business
75.0,40.0,male,3.0,own,little,little,1977.0,36.0,education
76.0,66.0,male,3.0,free,little,little,1526.0,12.0,car
77.0,34.0,male,2.0,own,little,little,3965.0,42.0,radio/TV
78.0,51.0,male,2.0,own,little,moderate,4771.0,11.0,radio/TV
79.0,39.0,male,1.0,own,little,little,9436.0,54.0,car
80.0,22.0,male,2.0,own,little,moderate,3832.0,30.0,furniture/equipment
81.0,44.0,female,2.0,own,little,little,5943.0,24.0,radio/TV
82.0,47.0,male,2.0,own,quite rich,little,1213.0,15.0,radio/TV
83.0,24.0,female,1.0,rent,moderate,little,1568.0,18.0,business
84.0,58.0,female,1.0,own,little,little,1755.0,24.0,vacation/others
85.0,52.0,male,1.0,own,little,little,2315.0,10.0,radio/TV
86.0,29.0,female,3.0,own,little,little,1412.0,12.0,business
87.0,27.0,female,2.0,own,little,moderate,1295.0,18.0,furniture/equipment
88.0,47.0,male,2.0,free,moderate,moderate,12612.0,36.0,education
89.0,30.0,male,3.0,own,moderate,little,2249.0,18.0,car
90.0,28.0,male,2.0,own,little,little,1108.0,12.0,repairs
91.0,56.0,male,2.0,own,little,little,618.0,12.0,radio/TV
92.0,54.0,male,2.0,own,little,little,1409.0,12.0,car
93.0,33.0,female,1.0,own,little,little,797.0,12.0,radio/TV
94.0,20.0,male,2.0,rent,little,rich,3617.0,24.0,furniture/equipment
95.0,54.0,male,2.0,own,rich,moderate,1318.0,12.0,car
96.0,58.0,male,2.0,rent,little,moderate,15945.0,54.0,business
97.0,61.0,female,2.0,own,little,little,2012.0,12.0,education
98.0,34.0,male,2.0,own,moderate,moderate,2622.0,18.0,business
99.0,36.0,male,2.0,own,little,moderate,2337.0,36.0,radio/TV
100.0,36.0,male,3.0,rent,little,moderate,7057.0,20.0,car
101.0,41.0,male,1.0,rent,moderate,little,1469.0,24.0,car
102.0,24.0,male,2.0,rent,little,moderate,2323.0,36.0,radio/TV
103.0,24.0,female,2.0,own,little,little,932.0,6.0,radio/TV
104.0,35.0,male,2.0,rent,little,moderate,1919.0,9.0,furniture/equipment
105.0,26.0,male,2.0,rent,little,little,2445.0,12.0,car
106.0,39.0,male,3.0,own,little,moderate,11938.0,24.0,vacation/others
107.0,39.0,male,3.0,own,little,little,6458.0,18.0,car
108.0,32.0,male,2.0,own,little,moderate,6078.0,12.0,car
109.0,30.0,female,2.0,own,little,little,7721.0,24.0,furniture/equipment
110.0,35.0,male,2.0,own,quite rich,moderate,1410.0,14.0,business
111.0,31.0,male,2.0,own,moderate,moderate,1449.0,6.0,business
112.0,23.0,female,2.0,rent,little,rich,392.0,15.0,education
113.0,28.0,male,1.0,rent,little,moderate,6260.0,18.0,car
114.0,25.0,female,2.0,own,little,little,7855.0,36.0,car
115.0,35.0,male,2.0,own,quite rich,little,1680.0,12.0,radio/TV
116.0,47.0,male,2.0,own,little,little,3578.0,48.0,radio/TV
117.0,30.0,female,3.0,own,little,little,7174.0,42.0,radio/TV
118.0,27.0,female,2.0,rent,little,little,2132.0,10.0,furniture/equipment
119.0,23.0,female,2.0,own,quite rich,little,4281.0,33.0,furniture/equipment
120.0,36.0,male,3.0,own,quite rich,moderate,2366.0,12.0,car
121.0,25.0,female,2.0,own,little,little,1835.0,21.0,radio/TV
122.0,41.0,female,3.0,rent,little,little,3868.0,24.0,car
123.0,24.0,male,1.0,rent,little,little,1768.0,12.0,furniture/equipment
124.0,63.0,male,2.0,free,little,rich,781.0,10.0,car
125.0,27.0,female,2.0,rent,little,moderate,1924.0,18.0,furniture/equipment
126.0,30.0,male,2.0,own,little,little,2121.0,12.0,car
127.0,40.0,male,1.0,own,little,little,701.0,12.0,radio/TV
128.0,30.0,male,2.0,own,little,moderate,639.0,12.0,repairs
129.0,34.0,male,3.0,own,little,moderate,1860.0,12.0,car
130.0,29.0,female,2.0,own,little,little,3499.0,12.0,car
131.0,24.0,female,2.0,own,little,moderate,8487.0,48.0,car
132.0,29.0,male,2.0,own,little,little,6887.0,36.0,education
133.0,27.0,male,1.0,own,little,little,2708.0,15.0,furniture/equipment
134.0,47.0,male,2.0,free,little,little,1984.0,18.0,furniture/equipment
135.0,21.0,female,2.0,own,moderate,little,10144.0,60.0,radio/TV
136.0,38.0,female,2.0,own,little,little,1240.0,12.0,radio/TV
137.0,27.0,male,2.0,own,rich,little,8613.0,27.0,car
138.0,66.0,male,1.0,own,quite rich,moderate,766.0,12.0,radio/TV
139.0,35.0,male,2.0,own,little,moderate,2728.0,15.0,radio/TV
140.0,44.0,female,1.0,rent,little,rich,1881.0,12.0,radio/TV
141.0,27.0,male,0.0,own,rich,rich,709.0,6.0,car
142.0,30.0,female,3.0,own,little,moderate,4795.0,36.0,radio/TV
143.0,27.0,male,3.0,own,little,little,3416.0,27.0,radio/TV
144.0,22.0,male,2.0,own,little,little,2462.0,18.0,furniture/equipment
145.0,23.0,female,2.0,own,little,little,2288.0,21.0,furniture/equipment
146.0,30.0,male,2.0,own,moderate,moderate,3566.0,48.0,business
147.0,39.0,female,2.0,own,little,little,860.0,6.0,car
148.0,51.0,female,2.0,own,moderate,little,682.0,12.0,car
149.0,28.0,male,2.0,own,little,little,5371.0,36.0,furniture/equipment
150.0,46.0,male,2.0,own,rich,little,1582.0,18.0,radio/TV
151.0,42.0,male,2.0,free,moderate,little,1346.0,6.0,radio/TV
152.0,38.0,male,2.0,own,little,little,1924.0,10.0,radio/TV
153.0,24.0,male,2.0,own,little,rich,5848.0,36.0,radio/TV
154.0,29.0,female,2.0,rent,rich,moderate,7758.0,24.0,car
155.0,36.0,male,3.0,rent,moderate,moderate,6967.0,24.0,business
156.0,20.0,female,2.0,rent,little,little,1282.0,12.0,furniture/equipment
157.0,48.0,male,2.0,own,moderate,little,1288.0,9.0,repairs
158.0,45.0,male,1.0,own,little,little,339.0,12.0,education
159.0,38.0,male,2.0,own,moderate,moderate,3512.0,24.0,car
160.0,34.0,male,1.0,own,little,little,1898.0,6.0,radio/TV
161.0,36.0,male,2.0,own,moderate,little,2872.0,24.0,radio/TV
162.0,30.0,female,2.0,own,little,little,1055.0,18.0,car
163.0,36.0,male,2.0,own,quite rich,little,1262.0,15.0,domestic appliances
164.0,70.0,male,3.0,free,little,moderate,7308.0,10.0,car
165.0,36.0,male,2.0,own,quite rich,little,909.0,36.0,car
166.0,32.0,male,2.0,own,quite rich,little,2978.0,6.0,furniture/equipment
167.0,33.0,female,2.0,own,little,little,1131.0,18.0,furniture/equipment
168.0,20.0,female,2.0,own,rich,moderate,1577.0,11.0,furniture/equipment
169.0,25.0,female,2.0,rent,little,little,3972.0,24.0,furniture/equipment
170.0,31.0,male,2.0,own,little,moderate,1935.0,24.0,business
171.0,33.0,male,2.0,rent,little,little,950.0,15.0,car
172.0,26.0,female,2.0,own,little,little,763.0,12.0,furniture/equipment
173.0,34.0,female,3.0,own,little,moderate,2064.0,24.0,furniture/equipment
174.0,33.0,male,2.0,own,little,moderate,1414.0,8.0,radio/TV
175.0,26.0,male,2.0,own,little,little,3414.0,21.0,education
176.0,53.0,female,3.0,own,little,little,7485.0,30.0,car
177.0,42.0,male,2.0,own,little,little,2577.0,12.0,furniture/equipment
178.0,52.0,male,2.0,own,quite rich,little,338.0,6.0,radio/TV
179.0,31.0,male,3.0,rent,little,little,1963.0,12.0,radio/TV
180.0,65.0,male,2.0,own,little,little,571.0,21.0,car
181.0,28.0,male,2.0,own,little,little,9572.0,36.0,business
182.0,30.0,male,3.0,own,little,moderate,4455.0,36.0,business
183.0,40.0,male,1.0,own,little,little,1647.0,21.0,car
184.0,50.0,male,2.0,own,rich,little,3777.0,24.0,furniture/equipment
185.0,36.0,male,2.0,own,little,moderate,884.0,18.0,car
186.0,31.0,male,2.0,own,little,little,1360.0,15.0,radio/TV
187.0,74.0,female,3.0,free,little,moderate,5129.0,9.0,car
188.0,68.0,male,0.0,free,little,moderate,1175.0,16.0,car
189.0,20.0,male,2.0,own,moderate,little,674.0,12.0,radio/TV
190.0,33.0,female,2.0,own,little,moderate,3244.0,18.0,furniture/equipment
191.0,54.0,male,3.0,own,rich,little,4591.0,24.0,business
192.0,34.0,male,1.0,free,moderate,moderate,3844.0,48.0,business
193.0,36.0,male,2.0,own,little,moderate,3915.0,27.0,business
194.0,29.0,male,2.0,rent,little,little,2108.0,6.0,radio/TV
195.0,21.0,male,2.0,rent,moderate,moderate,3031.0,45.0,radio/TV
196.0,34.0,female,3.0,own,little,moderate,1501.0,9.0,education
197.0,28.0,female,2.0,own,little,little,1382.0,6.0,radio/TV
198.0,27.0,female,2.0,rent,moderate,moderate,951.0,12.0,furniture/equipment
199.0,36.0,male,2.0,free,little,moderate,2760.0,24.0,car
200.0,40.0,male,3.0,own,little,moderate,4297.0,18.0,furniture/equipment
201.0,52.0,male,2.0,own,quite rich,little,936.0,9.0,education
202.0,27.0,male,1.0,own,little,little,1168.0,12.0,car
203.0,26.0,male,2.0,own,little,little,5117.0,27.0,business
204.0,21.0,male,2.0,rent,little,little,902.0,12.0,education
205.0,38.0,male,1.0,own,little,little,1495.0,12.0,car
206.0,38.0,male,3.0,free,little,little,10623.0,30.0,car
207.0,43.0,male,2.0,own,little,little,1935.0,12.0,furniture/equipment
208.0,26.0,male,2.0,own,little,moderate,1424.0,12.0,domestic appliances
209.0,21.0,male,1.0,own,little,little,6568.0,24.0,business
210.0,55.0,male,2.0,own,rich,little,1413.0,12.0,car
211.0,33.0,male,2.0,own,little,little,3074.0,9.0,radio/TV
212.0,45.0,female,1.0,own,little,little,3835.0,36.0,radio/TV
213.0,50.0,male,2.0,own,little,little,5293.0,27.0,business
214.0,66.0,male,3.0,own,little,rich,1908.0,30.0,business
215.0,51.0,male,2.0,own,little,little,3342.0,36.0,radio/TV
216.0,39.0,female,1.0,own,little,moderate,932.0,6.0,education
217.0,31.0,male,2.0,own,little,little,3104.0,18.0,business
218.0,23.0,male,2.0,own,little,rich,3913.0,36.0,radio/TV
219.0,24.0,male,1.0,rent,little,little,3021.0,24.0,furniture/equipment
220.0,64.0,female,2.0,own,little,little,1364.0,10.0,car
221.0,26.0,male,1.0,own,little,moderate,625.0,12.0,radio/TV
222.0,23.0,female,2.0,rent,little,little,1200.0,12.0,education
223.0,30.0,male,2.0,own,little,little,707.0,12.0,radio/TV
224.0,32.0,male,2.0,own,little,little,2978.0,24.0,business
225.0,30.0,male,2.0,own,little,little,4657.0,15.0,car
226.0,27.0,male,2.0,own,little,little,2613.0,36.0,repairs
227.0,27.0,male,2.0,own,rich,moderate,10961.0,48.0,radio/TV
228.0,53.0,male,3.0,free,little,little,7865.0,12.0,furniture/equipment
229.0,22.0,male,2.0,own,little,little,1478.0,9.0,radio/TV
230.0,22.0,male,2.0,free,little,little,3149.0,24.0,furniture/equipment
231.0,26.0,male,2.0,own,little,rich,4210.0,36.0,radio/TV
232.0,51.0,male,1.0,free,quite rich,little,2507.0,9.0,car
233.0,35.0,male,2.0,own,moderate,little,2141.0,12.0,radio/TV
234.0,25.0,male,1.0,own,little,moderate,866.0,18.0,radio/TV
235.0,42.0,male,1.0,own,little,little,1544.0,4.0,radio/TV
236.0,30.0,male,3.0,own,little,little,1823.0,24.0,radio/TV
237.0,23.0,male,0.0,own,little,moderate,14555.0,6.0,car
238.0,61.0,male,1.0,rent,moderate,moderate,2767.0,21.0,business
239.0,35.0,female,2.0,own,little,little,1291.0,12.0,radio/TV
240.0,39.0,male,2.0,own,little,little,2522.0,30.0,radio/TV
241.0,29.0,female,2.0,own,little,little,915.0,24.0,car
242.0,51.0,male,2.0,own,little,little,1595.0,6.0,radio/TV
243.0,24.0,male,2.0,free,little,little,4605.0,48.0,car
244.0,27.0,female,2.0,own,little,little,1185.0,12.0,business
245.0,35.0,female,1.0,own,quite rich,little,3447.0,12.0,education
246.0,25.0,male,2.0,own,little,little,1258.0,24.0,business
247.0,52.0,male,2.0,own,little,little,717.0,12.0,radio/TV
248.0,35.0,male,2.0,rent,moderate,little,1204.0,6.0,car
249.0,26.0,male,2.0,own,little,rich,1925.0,24.0,furniture/equipment
250.0,22.0,female,2.0,rent,little,little,433.0,18.0,radio/TV
251.0,39.0,female,1.0,own,rich,little,666.0,6.0,car
252.0,46.0,female,1.0,own,little,rich,2251.0,12.0,furniture/equipment
253.0,24.0,female,2.0,own,little,moderate,2150.0,30.0,car
254.0,35.0,male,2.0,own,moderate,little,4151.0,24.0,furniture/equipment
255.0,24.0,male,2.0,own,little,moderate,2030.0,9.0,furniture/equipment
256.0,27.0,male,1.0,own,little,moderate,7418.0,60.0,radio/TV
257.0,35.0,male,1.0,own,little,little,2684.0,24.0,radio/TV
258.0,29.0,male,2.0,free,little,little,2149.0,12.0,radio/TV
259.0,23.0,female,2.0,own,moderate,little,3812.0,15.0,car
260.0,57.0,female,1.0,own,moderate,little,1154.0,11.0,radio/TV
261.0,27.0,male,2.0,own,little,little,1657.0,12.0,furniture/equipment
262.0,55.0,female,2.0,own,little,little,1603.0,24.0,radio/TV
263.0,36.0,male,3.0,free,little,little,5302.0,18.0,car
264.0,57.0,female,1.0,free,little,little,2748.0,12.0,education
265.0,32.0,male,1.0,own,little,little,1231.0,10.0,car
266.0,37.0,male,2.0,own,little,moderate,802.0,15.0,radio/TV
267.0,36.0,male,2.0,own,little,little,6304.0,36.0,business
268.0,38.0,female,2.0,own,little,little,1533.0,24.0,radio/TV
269.0,45.0,male,3.0,own,little,little,8978.0,14.0,car
270.0,25.0,male,2.0,own,little,little,999.0,24.0,radio/TV
271.0,32.0,male,2.0,own,little,little,2662.0,18.0,car
272.0,37.0,female,2.0,rent,quite rich,little,1402.0,12.0,furniture/equipment
273.0,36.0,male,3.0,free,little,moderate,12169.0,48.0,car
274.0,28.0,male,2.0,own,little,moderate,3060.0,48.0,radio/TV
275.0,34.0,male,1.0,own,little,little,11998.0,30.0,repairs
276.0,32.0,male,2.0,own,little,little,2697.0,9.0,radio/TV
277.0,26.0,female,2.0,own,little,little,2404.0,18.0,radio/TV
278.0,49.0,male,1.0,own,little,little,1262.0,12.0,furniture/equipment
279.0,32.0,female,2.0,own,little,little,4611.0,6.0,furniture/equipment
280.0,29.0,male,3.0,rent,moderate,little,1901.0,24.0,radio/TV
281.0,23.0,male,2.0,rent,rich,little,3368.0,15.0,car
282.0,50.0,male,2.0,own,little,little,1574.0,12.0,furniture/equipment
283.0,49.0,male,1.0,own,little,rich,1445.0,18.0,radio/TV
284.0,63.0,male,2.0,own,little,little,1520.0,15.0,furniture/equipment
285.0,37.0,male,2.0,own,moderate,moderate,3878.0,24.0,car
286.0,35.0,female,1.0,own,little,little,10722.0,47.0,car
287.0,26.0,male,2.0,own,little,little,4788.0,48.0,car
288.0,31.0,male,3.0,free,moderate,moderate,7582.0,48.0,vacation/others
289.0,49.0,female,2.0,own,little,moderate,1092.0,12.0,radio/TV
290.0,48.0,male,2.0,own,little,little,1024.0,24.0,radio/TV
291.0,26.0,male,2.0,own,little,little,1076.0,12.0,business
292.0,28.0,male,3.0,rent,little,moderate,9398.0,36.0,car
293.0,44.0,female,3.0,free,little,little,6419.0,24.0,car
294.0,56.0,male,2.0,free,little,rich,4796.0,42.0,car
295.0,46.0,male,3.0,own,little,little,7629.0,48.0,business
296.0,26.0,female,2.0,own,little,moderate,9960.0,48.0,furniture/equipment
297.0,20.0,female,2.0,rent,little,little,4675.0,12.0,car
298.0,45.0,male,1.0,own,little,little,1287.0,10.0,car
299.0,43.0,male,2.0,own,little,little,2515.0,18.0,furniture/equipment
300.0,32.0,male,2.0,own,rich,moderate,2745.0,21.0,furniture/equipment
301.0,54.0,female,0.0,own,little,little,672.0,6.0,car
302.0,42.0,female,2.0,own,little,moderate,3804.0,36.0,radio/TV
303.0,37.0,male,1.0,own,little,rich,1344.0,24.0,car
304.0,49.0,male,2.0,own,little,little,1038.0,10.0,car
305.0,44.0,male,2.0,free,quite rich,little,10127.0,48.0,car
306.0,33.0,male,2.0,own,rich,little,1543.0,6.0,furniture/equipment
307.0,24.0,female,1.0,rent,little,little,4811.0,30.0,car
308.0,33.0,male,1.0,own,moderate,little,727.0,12.0,radio/TV
309.0,24.0,female,2.0,own,little,moderate,1237.0,8.0,furniture/equipment
310.0,22.0,male,1.0,rent,little,moderate,276.0,9.0,car
311.0,40.0,male,0.0,free,little,moderate,5381.0,48.0,vacation/others
312.0,25.0,male,2.0,own,moderate,little,5511.0,24.0,furniture/equipment
313.0,26.0,female,2.0,own,little,rich,3749.0,24.0,furniture/equipment
314.0,25.0,male,1.0,own,little,moderate,685.0,12.0,car
315.0,29.0,male,1.0,own,little,rich,1494.0,4.0,car
316.0,31.0,male,2.0,own,little,little,2746.0,36.0,furniture/equipment
317.0,38.0,male,1.0,own,little,little,708.0,12.0,furniture/equipment
318.0,48.0,female,1.0,own,little,moderate,4351.0,24.0,furniture/equipment
319.0,32.0,male,2.0,own,little,little,701.0,12.0,education
320.0,27.0,female,1.0,own,little,little,3643.0,15.0,furniture/equipment
321.0,28.0,male,3.0,own,little,moderate,4249.0,30.0,car
322.0,32.0,male,2.0,own,little,little,1938.0,24.0,radio/TV
323.0,34.0,male,3.0,free,little,little,2910.0,24.0,car
324.0,28.0,male,2.0,own,rich,little,2659.0,18.0,furniture/equipment
325.0,36.0,female,2.0,own,little,little,1028.0,18.0,car
326.0,39.0,male,1.0,own,little,little,3398.0,8.0,car
327.0,49.0,male,2.0,rent,little,little,5801.0,12.0,furniture/equipment
328.0,34.0,female,2.0,own,rich,little,1525.0,24.0,car
329.0,31.0,male,2.0,own,little,rich,4473.0,36.0,radio/TV
330.0,28.0,male,2.0,own,little,moderate,1068.0,6.0,radio/TV
331.0,75.0,male,3.0,free,little,little,6615.0,24.0,car
332.0,30.0,female,2.0,own,moderate,little,1864.0,18.0,education
333.0,24.0,female,3.0,own,moderate,moderate,7408.0,60.0,car
334.0,24.0,female,1.0,rent,moderate,little,11590.0,48.0,car
335.0,23.0,male,2.0,rent,little,little,4110.0,24.0,furniture/equipment
336.0,44.0,male,3.0,rent,little,little,3384.0,6.0,furniture/equipment
337.0,23.0,female,1.0,own,little,moderate,2101.0,13.0,radio/TV
338.0,24.0,female,2.0,rent,little,little,1275.0,15.0,domestic appliances
339.0,28.0,male,2.0,own,little,little,4169.0,24.0,furniture/equipment
340.0,31.0,male,1.0,own,little,moderate,1521.0,10.0,furniture/equipment
341.0,24.0,female,2.0,free,little,moderate,5743.0,24.0,education
342.0,26.0,female,1.0,rent,little,little,3599.0,21.0,furniture/equipment
343.0,25.0,male,2.0,rent,quite rich,moderate,3213.0,18.0,radio/TV
344.0,33.0,male,3.0,own,little,moderate,4439.0,18.0,business
345.0,37.0,male,1.0,own,little,rich,3949.0,10.0,car
346.0,43.0,female,1.0,own,little,little,1459.0,15.0,radio/TV
347.0,23.0,male,2.0,own,little,moderate,882.0,13.0,radio/TV
348.0,23.0,female,0.0,rent,quite rich,moderate,3758.0,24.0,radio/TV
349.0,34.0,male,1.0,own,moderate,little,1743.0,6.0,business
350.0,32.0,male,2.0,free,rich,moderate,1136.0,9.0,education
351.0,23.0,female,2.0,rent,little,little,1236.0,9.0,domestic appliances
352.0,29.0,female,2.0,own,little,moderate,959.0,9.0,furniture/equipment
353.0,38.0,male,3.0,own,little,little,3229.0,18.0,car
354.0,28.0,male,2.0,rent,little,little,6199.0,12.0,radio/TV
355.0,46.0,male,2.0,free,quite rich,little,727.0,10.0,education
356.0,23.0,male,1.0,own,little,moderate,1246.0,24.0,car
357.0,49.0,male,2.0,own,little,little,2331.0,12.0,radio/TV
358.0,26.0,male,3.0,own,little,little,4463.0,36.0,radio/TV
359.0,28.0,male,2.0,own,little,little,776.0,12.0,radio/TV
360.0,23.0,female,2.0,rent,little,little,2406.0,30.0,furniture/equipment
361.0,61.0,male,2.0,free,little,moderate,1239.0,18.0,education
362.0,37.0,male,3.0,own,little,rich,3399.0,12.0,radio/TV
363.0,36.0,female,2.0,own,little,rich,2247.0,12.0,car
364.0,21.0,male,2.0,rent,little,little,1766.0,6.0,furniture/equipment
365.0,25.0,male,0.0,own,little,little,2473.0,18.0,furniture/equipment
366.0,36.0,male,2.0,own,little,little,1542.0,12.0,business
367.0,27.0,male,2.0,own,little,little,3850.0,18.0,car
368.0,22.0,female,2.0,rent,little,little,3650.0,18.0,furniture/equipment
369.0,42.0,male,2.0,own,little,little,3446.0,36.0,furniture/equipment
370.0,40.0,female,2.0,rent,little,moderate,3001.0,18.0,furniture/equipment
371.0,36.0,male,2.0,own,little,little,3079.0,36.0,car
372.0,33.0,male,2.0,own,little,little,6070.0,18.0,radio/TV
373.0,23.0,female,2.0,rent,little,little,2146.0,10.0,furniture/equipment
374.0,63.0,male,3.0,free,little,little,13756.0,60.0,car
375.0,60.0,female,3.0,free,moderate,moderate,14782.0,60.0,vacation/others
376.0,37.0,female,2.0,rent,little,little,7685.0,48.0,business
377.0,34.0,male,2.0,own,little,little,2320.0,18.0,radio/TV
378.0,36.0,male,2.0,free,little,little,846.0,7.0,radio/TV
379.0,57.0,male,3.0,free,little,moderate,14318.0,36.0,car
380.0,52.0,female,1.0,own,moderate,little,362.0,6.0,car
381.0,39.0,male,2.0,own,little,little,2212.0,20.0,furniture/equipment
382.0,38.0,female,3.0,free,little,moderate,12976.0,18.0,car
383.0,25.0,female,2.0,rent,little,little,1283.0,22.0,car
384.0,26.0,male,2.0,own,little,rich,1330.0,12.0,car
385.0,26.0,male,1.0,own,moderate,little,4272.0,30.0,business
386.0,25.0,female,2.0,own,little,little,2238.0,18.0,radio/TV
387.0,21.0,female,2.0,rent,little,little,1126.0,18.0,radio/TV
388.0,40.0,male,3.0,own,little,moderate,7374.0,18.0,furniture/equipment
389.0,27.0,male,2.0,own,quite rich,moderate,2326.0,15.0,business
390.0,27.0,female,2.0,own,little,little,1449.0,9.0,business
391.0,30.0,male,3.0,own,little,little,1820.0,18.0,car
392.0,19.0,female,1.0,rent,rich,moderate,983.0,12.0,furniture/equipment
393.0,39.0,male,3.0,free,little,little,3249.0,36.0,car
394.0,31.0,female,2.0,own,little,little,1957.0,6.0,radio/TV
395.0,31.0,male,3.0,own,little,little,2406.0,9.0,furniture/equipment
396.0,32.0,male,2.0,rent,moderate,moderate,11760.0,39.0,education
397.0,55.0,female,3.0,free,little,little,2578.0,12.0,furniture/equipment
398.0,46.0,male,2.0,own,little,little,2348.0,36.0,furniture/equipment
399.0,46.0,male,2.0,rent,little,moderate,1223.0,12.0,car
400.0,43.0,female,1.0,own,rich,little,1516.0,24.0,radio/TV
401.0,39.0,male,2.0,own,little,little,1473.0,18.0,radio/TV
402.0,28.0,male,2.0,own,little,moderate,1887.0,18.0,business
403.0,27.0,male,2.0,own,little,little,8648.0,24.0,business
404.0,27.0,male,1.0,own,little,little,802.0,14.0,car
405.0,43.0,male,2.0,own,little,moderate,2899.0,18.0,car
406.0,22.0,male,2.0,own,little,moderate,2039.0,24.0,radio/TV
407.0,43.0,male,2.0,own,little,little,2197.0,24.0,car
408.0,27.0,male,2.0,own,little,little,1053.0,15.0,radio/TV
409.0,26.0,male,3.0,own,quite rich,little,3235.0,24.0,radio/TV
410.0,28.0,male,2.0,own,quite rich,rich,939.0,12.0,car
411.0,20.0,female,2.0,own,little,moderate,1967.0,24.0,radio/TV
412.0,35.0,male,3.0,own,little,little,7253.0,33.0,car
413.0,42.0,male,3.0,own,little,little,2292.0,12.0,business
414.0,40.0,male,1.0,rent,quite rich,little,1597.0,10.0,car
415.0,35.0,female,2.0,own,little,little,1381.0,24.0,car
416.0,35.0,male,2.0,own,little,little,5842.0,36.0,car
417.0,33.0,male,1.0,own,little,little,2579.0,12.0,car
418.0,23.0,female,2.0,rent,little,little,8471.0,18.0,education
419.0,31.0,female,3.0,own,quite rich,little,2782.0,21.0,car
420.0,33.0,female,2.0,own,little,moderate,1042.0,18.0,car
421.0,20.0,female,2.0,rent,rich,little,3186.0,15.0,car
422.0,30.0,male,2.0,own,little,moderate,2028.0,12.0,car
423.0,47.0,male,1.0,own,little,moderate,958.0,12.0,car
424.0,34.0,male,3.0,own,moderate,little,1591.0,21.0,furniture/equipment
425.0,25.0,female,2.0,own,little,moderate,2762.0,12.0,furniture/equipment
426.0,21.0,male,2.0,rent,little,moderate,2779.0,18.0,car
427.0,29.0,male,2.0,own,little,little,2743.0,28.0,radio/TV
428.0,46.0,male,2.0,own,rich,little,1149.0,18.0,radio/TV
429.0,20.0,male,2.0,own,little,little,1313.0,9.0,furniture/equipment
430.0,55.0,female,0.0,free,little,little,1190.0,18.0,repairs
431.0,74.0,male,1.0,own,little,little,3448.0,5.0,business
432.0,29.0,male,3.0,own,little,moderate,11328.0,24.0,vacation/others
433.0,36.0,male,3.0,free,little,little,1872.0,6.0,furniture/equipment
434.0,33.0,male,2.0,own,little,little,2058.0,24.0,repairs
435.0,25.0,male,2.0,own,little,little,2136.0,9.0,furniture/equipment
436.0,25.0,male,2.0,own,little,moderate,1484.0,12.0,radio/TV
437.0,23.0,male,1.0,rent,quite rich,little,660.0,6.0,repairs
438.0,37.0,female,2.0,own,rich,little,1287.0,24.0,car
439.0,65.0,male,0.0,own,little,little,3394.0,42.0,repairs
440.0,26.0,female,0.0,own,little,rich,609.0,12.0,business
441.0,39.0,male,3.0,own,little,little,1884.0,12.0,car
442.0,30.0,female,2.0,own,little,little,1620.0,12.0,furniture/equipment
443.0,29.0,male,2.0,own,little,moderate,2629.0,20.0,vacation/others
444.0,41.0,male,1.0,own,little,little,719.0,12.0,education
445.0,30.0,female,3.0,own,little,moderate,5096.0,48.0,furniture/equipment
446.0,41.0,female,1.0,rent,little,little,1244.0,9.0,education
447.0,34.0,female,2.0,own,little,little,1842.0,36.0,car
448.0,35.0,male,2.0,own,little,moderate,2576.0,7.0,radio/TV
449.0,55.0,female,3.0,own,little,rich,1424.0,12.0,furniture/equipment
450.0,61.0,male,2.0,own,rich,moderate,1512.0,15.0,repairs
451.0,30.0,male,3.0,own,little,little,11054.0,36.0,car
452.0,29.0,female,2.0,own,little,little,518.0,6.0,radio/TV
453.0,34.0,male,2.0,own,little,little,2759.0,12.0,furniture/equipment
454.0,35.0,male,3.0,own,little,little,2670.0,24.0,car
455.0,31.0,male,2.0,own,little,little,4817.0,24.0,car
456.0,29.0,female,3.0,own,little,little,2679.0,24.0,car
457.0,36.0,male,2.0,rent,little,little,3905.0,11.0,car
458.0,35.0,male,2.0,free,little,little,3386.0,12.0,car
459.0,27.0,female,2.0,own,little,little,343.0,6.0,domestic appliances
460.0,32.0,male,2.0,own,little,little,4594.0,18.0,radio/TV
461.0,37.0,male,2.0,own,little,little,3620.0,36.0,furniture/equipment
462.0,36.0,male,2.0,own,little,little,1721.0,15.0,car
463.0,34.0,female,3.0,rent,little,moderate,3017.0,12.0,furniture/equipment
464.0,38.0,male,2.0,own,little,moderate,754.0,12.0,education
465.0,34.0,male,2.0,own,little,little,1950.0,18.0,business
466.0,63.0,male,2.0,own,little,little,2924.0,24.0,car
467.0,29.0,female,1.0,rent,little,little,1659.0,24.0,radio/TV
468.0,32.0,male,2.0,own,little,little,7238.0,48.0,radio/TV
469.0,26.0,female,2.0,own,little,little,2764.0,33.0,business
470.0,35.0,male,1.0,own,little,little,4679.0,24.0,car
471.0,22.0,male,2.0,rent,moderate,moderate,3092.0,24.0,radio/TV
472.0,23.0,female,2.0,own,little,little,448.0,6.0,education
473.0,28.0,male,1.0,own,little,little,654.0,9.0,car
474.0,36.0,male,3.0,own,little,little,1238.0,6.0,education
475.0,33.0,male,2.0,own,little,moderate,1245.0,18.0,radio/TV
476.0,26.0,female,2.0,rent,little,little,3114.0,18.0,furniture/equipment
477.0,24.0,male,2.0,own,quite rich,little,2569.0,39.0,car
478.0,25.0,male,2.0,own,little,rich,5152.0,24.0,radio/TV
479.0,39.0,male,1.0,own,moderate,moderate,1037.0,12.0,business
480.0,44.0,male,2.0,own,little,little,1478.0,15.0,furniture/equipment
481.0,23.0,female,1.0,own,little,moderate,3573.0,12.0,radio/TV
482.0,26.0,male,2.0,own,little,moderate,1201.0,24.0,car
483.0,57.0,female,2.0,rent,rich,little,3622.0,30.0,furniture/equipment
484.0,30.0,female,2.0,own,rich,little,960.0,15.0,furniture/equipment
485.0,44.0,male,2.0,own,quite rich,little,1163.0,12.0,car
486.0,47.0,male,3.0,own,little,moderate,1209.0,6.0,car
487.0,52.0,male,2.0,own,little,little,3077.0,12.0,radio/TV
488.0,62.0,female,2.0,free,little,little,3757.0,24.0,car
489.0,35.0,male,1.0,rent,moderate,little,1418.0,10.0,car
490.0,26.0,male,2.0,rent,little,little,3518.0,6.0,car
491.0,26.0,male,2.0,own,little,little,1934.0,12.0,radio/TV
492.0,42.0,female,3.0,free,little,moderate,8318.0,27.0,business
493.0,27.0,female,2.0,own,moderate,little,1237.0,6.0,radio/TV
494.0,38.0,male,2.0,own,little,moderate,368.0,6.0,radio/TV
495.0,39.0,male,1.0,rent,little,little,2122.0,12.0,car
496.0,20.0,male,2.0,own,little,little,2996.0,24.0,furniture/equipment
497.0,29.0,male,3.0,rent,moderate,moderate,9034.0,36.0,furniture/equipment
498.0,40.0,male,2.0,own,little,little,1585.0,24.0,furniture/equipment
499.0,32.0,male,1.0,own,little,moderate,1301.0,18.0,radio/TV
500.0,28.0,male,2.0,own,moderate,rich,1323.0,6.0,car
501.0,27.0,female,2.0,own,little,little,3123.0,24.0,car
502.0,42.0,male,2.0,free,little,little,5493.0,36.0,car
503.0,49.0,male,2.0,own,moderate,rich,1126.0,9.0,radio/TV
504.0,38.0,male,2.0,own,moderate,moderate,1216.0,24.0,radio/TV
505.0,24.0,female,2.0,rent,little,little,1207.0,24.0,car
506.0,27.0,male,1.0,own,little,little,1309.0,10.0,car
507.0,36.0,male,2.0,own,quite rich,rich,2360.0,15.0,car
508.0,34.0,male,3.0,own,moderate,moderate,6850.0,15.0,car
509.0,28.0,male,2.0,own,little,little,1413.0,24.0,radio/TV
510.0,45.0,male,3.0,own,moderate,little,8588.0,39.0,car
511.0,26.0,male,2.0,own,little,little,759.0,12.0,car
512.0,32.0,male,3.0,free,little,little,4686.0,36.0,car
513.0,26.0,male,2.0,rent,little,rich,2687.0,15.0,business
514.0,20.0,male,2.0,rent,little,moderate,585.0,12.0,radio/TV
515.0,54.0,male,2.0,own,little,little,2255.0,24.0,car
516.0,37.0,female,2.0,own,little,little,609.0,6.0,car
517.0,40.0,male,1.0,own,little,little,1361.0,6.0,car
518.0,23.0,female,2.0,rent,little,little,7127.0,36.0,furniture/equipment
519.0,43.0,male,2.0,own,moderate,little,1203.0,6.0,car
520.0,36.0,male,2.0,free,little,little,700.0,6.0,radio/TV
521.0,44.0,male,2.0,free,little,little,5507.0,24.0,repairs
522.0,24.0,female,2.0,own,little,little,3190.0,18.0,radio/TV
523.0,53.0,male,2.0,free,little,little,7119.0,48.0,furniture/equipment
524.0,23.0,female,2.0,own,moderate,little,3488.0,24.0,car
525.0,26.0,female,1.0,own,little,moderate,1113.0,18.0,radio/TV
526.0,30.0,male,2.0,own,little,moderate,7966.0,26.0,car
527.0,31.0,female,2.0,own,moderate,little,1532.0,15.0,education
528.0,42.0,male,1.0,own,little,little,1503.0,4.0,radio/TV
529.0,31.0,male,2.0,rent,little,little,2302.0,36.0,radio/TV
530.0,41.0,male,1.0,own,little,little,662.0,6.0,car
531.0,32.0,male,2.0,own,little,moderate,2273.0,36.0,education
532.0,28.0,female,2.0,rent,moderate,moderate,2631.0,15.0,car
533.0,41.0,male,2.0,rent,little,little,1503.0,12.0,car
534.0,26.0,male,2.0,own,moderate,little,1311.0,24.0,radio/TV
535.0,25.0,male,2.0,own,little,little,3105.0,24.0,radio/TV
536.0,33.0,male,2.0,rent,little,rich,2319.0,21.0,education
537.0,75.0,female,3.0,own,little,little,1374.0,6.0,car
538.0,37.0,female,2.0,own,little,moderate,3612.0,18.0,furniture/equipment
539.0,42.0,male,3.0,free,little,little,7763.0,48.0,car
540.0,45.0,female,1.0,own,little,rich,3049.0,18.0,furniture/equipment
541.0,23.0,male,2.0,rent,little,moderate,1534.0,12.0,radio/TV
542.0,60.0,male,2.0,free,little,little,2032.0,24.0,car
543.0,31.0,male,2.0,own,little,little,6350.0,30.0,furniture/equipment
544.0,34.0,male,1.0,own,little,rich,2864.0,18.0,furniture/equipment
545.0,61.0,male,1.0,own,little,little,1255.0,12.0,car
546.0,43.0,male,2.0,free,little,little,1333.0,24.0,car
547.0,37.0,female,2.0,own,little,little,2022.0,24.0,car
548.0,32.0,male,2.0,own,little,little,1552.0,24.0,radio/TV
549.0,24.0,female,1.0,own,little,little,626.0,12.0,radio/TV
550.0,35.0,male,2.0,free,little,little,8858.0,48.0,car
551.0,23.0,female,2.0,own,little,little,996.0,12.0,repairs
552.0,45.0,male,1.0,own,quite rich,little,1750.0,6.0,radio/TV
553.0,34.0,male,2.0,own,little,little,6999.0,48.0,radio/TV
554.0,27.0,male,2.0,own,moderate,moderate,1995.0,12.0,car
555.0,67.0,female,3.0,own,little,moderate,1199.0,9.0,education
556.0,22.0,male,2.0,own,little,moderate,1331.0,12.0,radio/TV
557.0,28.0,female,2.0,own,moderate,moderate,2278.0,18.0,car
558.0,29.0,female,2.0,own,little,little,5003.0,21.0,car
559.0,27.0,male,2.0,own,little,little,3552.0,24.0,furniture/equipment
560.0,31.0,male,1.0,own,little,moderate,1928.0,18.0,furniture/equipment
561.0,49.0,male,2.0,free,little,little,2964.0,24.0,car
562.0,24.0,male,1.0,rent,little,little,1546.0,24.0,radio/TV
563.0,29.0,female,2.0,own,little,rich,683.0,6.0,radio/TV
564.0,37.0,male,2.0,free,little,moderate,12389.0,36.0,car
565.0,37.0,male,3.0,own,little,moderate,4712.0,24.0,business
566.0,23.0,female,2.0,rent,moderate,moderate,1553.0,24.0,radio/TV
567.0,36.0,male,2.0,own,little,little,1372.0,12.0,car
568.0,34.0,male,2.0,own,rich,little,2578.0,24.0,radio/TV
569.0,41.0,male,2.0,own,little,moderate,3979.0,48.0,radio/TV
570.0,31.0,female,2.0,own,little,little,6758.0,48.0,radio/TV
571.0,23.0,female,1.0,rent,little,little,3234.0,24.0,furniture/equipment
572.0,38.0,male,2.0,own,little,little,5954.0,30.0,radio/TV
573.0,26.0,female,3.0,rent,little,little,5433.0,24.0,car
574.0,22.0,female,1.0,own,little,little,806.0,15.0,business
575.0,27.0,male,1.0,own,little,moderate,1082.0,9.0,radio/TV
576.0,24.0,female,2.0,own,little,little,2788.0,15.0,furniture/equipment
577.0,27.0,female,2.0,own,little,moderate,2930.0,12.0,radio/TV
578.0,33.0,female,2.0,own,little,little,1927.0,24.0,education
579.0,27.0,male,2.0,own,little,moderate,2820.0,36.0,car
580.0,27.0,male,1.0,own,little,little,937.0,24.0,education
581.0,30.0,male,2.0,own,little,moderate,1056.0,18.0,car
582.0,49.0,male,1.0,own,little,moderate,3124.0,12.0,car
583.0,26.0,female,2.0,rent,little,little,1388.0,9.0,furniture/equipment
584.0,33.0,male,1.0,rent,little,moderate,2384.0,36.0,repairs
585.0,52.0,female,3.0,free,little,little,2133.0,12.0,car
586.0,20.0,female,2.0,rent,little,little,2039.0,18.0,furniture/equipment
587.0,36.0,male,2.0,rent,little,little,2799.0,9.0,car
588.0,21.0,male,1.0,own,little,little,1289.0,12.0,furniture/equipment
589.0,47.0,male,1.0,own,little,little,1217.0,18.0,domestic appliances
590.0,60.0,male,2.0,own,little,little,2246.0,12.0,furniture/equipment
591.0,58.0,female,1.0,own,little,little,385.0,12.0,radio/TV
592.0,42.0,female,2.0,rent,little,moderate,1965.0,24.0,car
593.0,36.0,female,1.0,own,rich,little,1572.0,21.0,business
594.0,20.0,female,1.0,rent,little,moderate,2718.0,24.0,car
595.0,40.0,male,3.0,own,little,little,1358.0,24.0,vacation/others
596.0,32.0,female,1.0,own,moderate,moderate,931.0,6.0,car
597.0,23.0,female,2.0,rent,little,little,1442.0,24.0,car
598.0,36.0,male,1.0,own,little,moderate,4241.0,24.0,business
599.0,31.0,male,2.0,own,little,little,2775.0,18.0,car
600.0,32.0,male,2.0,free,little,little,3863.0,24.0,business
601.0,45.0,female,2.0,own,little,moderate,2329.0,7.0,radio/TV
602.0,30.0,female,2.0,own,little,moderate,918.0,9.0,furniture/equipment
603.0,34.0,female,1.0,free,little,moderate,1837.0,24.0,education
604.0,28.0,female,3.0,own,little,little,3349.0,36.0,furniture/equipment
605.0,23.0,female,2.0,own,little,rich,1275.0,10.0,furniture/equipment
606.0,22.0,male,2.0,own,quite rich,little,2828.0,24.0,furniture/equipment
607.0,74.0,male,3.0,own,little,little,4526.0,24.0,business
608.0,50.0,female,2.0,free,moderate,moderate,2671.0,36.0,radio/TV
609.0,33.0,male,2.0,own,little,little,2051.0,18.0,radio/TV
610.0,45.0,male,2.0,free,little,little,1300.0,15.0,car
611.0,22.0,female,2.0,own,moderate,little,741.0,12.0,domestic appliances
612.0,48.0,female,1.0,free,moderate,rich,1240.0,10.0,car
613.0,29.0,female,2.0,own,rich,little,3357.0,21.0,radio/TV
614.0,22.0,female,2.0,rent,little,little,3632.0,24.0,car
615.0,22.0,female,2.0,own,little,little,1808.0,18.0,furniture/equipment
616.0,48.0,male,3.0,own,little,moderate,12204.0,48.0,business
617.0,27.0,male,3.0,free,little,moderate,9157.0,60.0,radio/TV
618.0,37.0,male,2.0,rent,little,little,3676.0,6.0,car
619.0,21.0,female,2.0,rent,moderate,moderate,3441.0,30.0,furniture/equipment
620.0,49.0,male,1.0,own,little,little,640.0,12.0,car
621.0,27.0,male,2.0,own,little,moderate,3652.0,21.0,business
622.0,32.0,male,2.0,own,little,little,1530.0,18.0,car
623.0,38.0,male,2.0,own,little,little,3914.0,48.0,business
624.0,22.0,female,2.0,rent,little,little,1858.0,12.0,furniture/equipment
625.0,65.0,male,2.0,free,little,little,2600.0,18.0,radio/TV
626.0,35.0,male,2.0,own,little,little,1979.0,15.0,radio/TV
627.0,41.0,male,2.0,own,little,rich,2116.0,6.0,furniture/equipment
628.0,29.0,male,2.0,own,moderate,moderate,1437.0,9.0,car
629.0,36.0,male,2.0,own,quite rich,little,4042.0,42.0,furniture/equipment
630.0,64.0,male,1.0,own,little,little,3832.0,9.0,education
631.0,28.0,female,2.0,own,little,little,3660.0,24.0,radio/TV
632.0,44.0,male,2.0,own,little,little,1553.0,18.0,furniture/equipment
633.0,23.0,male,2.0,own,little,moderate,1444.0,15.0,radio/TV
634.0,19.0,female,2.0,rent,little,little,1980.0,9.0,furniture/equipment
635.0,25.0,female,1.0,own,little,moderate,1355.0,24.0,car
636.0,47.0,male,2.0,own,little,little,1393.0,12.0,education
637.0,28.0,female,2.0,own,quite rich,little,1376.0,24.0,radio/TV
638.0,21.0,male,2.0,own,little,little,15653.0,60.0,radio/TV
639.0,34.0,female,2.0,own,little,little,1493.0,12.0,radio/TV
640.0,26.0,male,2.0,own,little,little,4370.0,42.0,radio/TV
641.0,27.0,female,0.0,own,little,little,750.0,18.0,education
642.0,38.0,male,1.0,own,little,moderate,1308.0,15.0,repairs
643.0,40.0,male,3.0,own,moderate,little,4623.0,15.0,education
644.0,33.0,male,2.0,own,little,little,1851.0,24.0,radio/TV
645.0,32.0,male,3.0,own,little,little,1880.0,18.0,radio/TV
646.0,27.0,male,2.0,rent,little,little,7980.0,36.0,business
647.0,32.0,male,2.0,own,little,little,4583.0,30.0,furniture/equipment
648.0,26.0,female,2.0,own,quite rich,little,1386.0,12.0,car
649.0,38.0,male,2.0,free,little,rich,947.0,24.0,car
650.0,40.0,male,1.0,rent,little,little,684.0,12.0,education
651.0,50.0,male,3.0,free,little,little,7476.0,48.0,education
652.0,37.0,male,1.0,own,little,moderate,1922.0,12.0,furniture/equipment
653.0,45.0,male,2.0,own,little,little,2303.0,24.0,car
654.0,42.0,male,3.0,own,moderate,moderate,8086.0,36.0,car
655.0,35.0,male,2.0,own,little,little,2346.0,24.0,car
656.0,22.0,male,2.0,free,little,little,3973.0,14.0,car
657.0,41.0,male,1.0,own,little,moderate,888.0,12.0,car
658.0,37.0,male,2.0,own,little,little,10222.0,48.0,radio/TV
659.0,28.0,female,2.0,own,little,moderate,4221.0,30.0,business
660.0,41.0,male,2.0,own,little,moderate,6361.0,18.0,furniture/equipment
661.0,23.0,male,2.0,rent,little,rich,1297.0,12.0,radio/TV
662.0,23.0,male,2.0,own,little,little,900.0,12.0,car
663.0,50.0,male,2.0,own,little,little,2241.0,21.0,furniture/equipment
664.0,35.0,male,3.0,own,little,moderate,1050.0,6.0,furniture/equipment
665.0,50.0,female,1.0,own,little,rich,1047.0,6.0,education
666.0,27.0,male,3.0,own,little,little,6314.0,24.0,vacation/others
667.0,34.0,male,2.0,own,rich,moderate,3496.0,30.0,furniture/equipment
668.0,27.0,female,2.0,own,little,little,3609.0,48.0,business
669.0,43.0,male,2.0,rent,little,little,4843.0,12.0,car
670.0,47.0,male,2.0,own,little,rich,3017.0,30.0,radio/TV
671.0,27.0,male,1.0,own,moderate,little,4139.0,24.0,business
672.0,31.0,male,2.0,own,moderate,little,5742.0,36.0,business
673.0,42.0,male,3.0,own,little,little,10366.0,60.0,car
674.0,24.0,male,2.0,own,quite rich,little,2080.0,6.0,car
675.0,41.0,male,1.0,own,quite rich,little,2580.0,21.0,business
676.0,26.0,female,3.0,rent,little,little,4530.0,30.0,radio/TV
677.0,33.0,male,2.0,own,little,little,5150.0,24.0,furniture/equipment
678.0,24.0,male,2.0,own,moderate,moderate,5595.0,72.0,radio/TV
679.0,64.0,male,1.0,rent,little,little,2384.0,24.0,radio/TV
680.0,26.0,female,2.0,own,little,little,1453.0,18.0,radio/TV
681.0,56.0,female,2.0,own,little,little,1538.0,6.0,education
682.0,37.0,male,2.0,free,little,little,2279.0,12.0,radio/TV
683.0,33.0,male,2.0,own,little,little,1478.0,15.0,radio/TV
684.0,47.0,male,2.0,free,little,little,5103.0,24.0,radio/TV
685.0,31.0,male,1.0,own,moderate,moderate,9857.0,36.0,business
686.0,34.0,male,2.0,free,little,little,6527.0,60.0,car
687.0,27.0,male,2.0,own,little,rich,1347.0,10.0,radio/TV
688.0,30.0,male,2.0,free,moderate,moderate,2862.0,36.0,car
689.0,35.0,male,2.0,own,moderate,little,2753.0,9.0,radio/TV
690.0,31.0,male,2.0,own,rich,little,3651.0,12.0,car
691.0,25.0,male,2.0,own,little,little,975.0,15.0,furniture/equipment
692.0,25.0,female,1.0,own,moderate,moderate,2631.0,15.0,repairs
693.0,29.0,male,2.0,own,moderate,moderate,2896.0,24.0,radio/TV
694.0,44.0,male,1.0,own,little,little,4716.0,6.0,car
695.0,28.0,male,2.0,own,little,little,2284.0,24.0,radio/TV
696.0,50.0,male,2.0,rent,quite rich,little,1236.0,6.0,car
697.0,29.0,male,2.0,own,little,moderate,1103.0,12.0,radio/TV
698.0,38.0,female,0.0,own,little,little,926.0,12.0,car
699.0,24.0,male,2.0,own,little,little,1800.0,18.0,radio/TV
700.0,40.0,male,3.0,rent,little,rich,1905.0,15.0,education
701.0,29.0,female,1.0,rent,quite rich,little,1123.0,12.0,furniture/equipment
702.0,46.0,male,2.0,free,little,little,6331.0,48.0,car
703.0,47.0,female,2.0,free,moderate,rich,1377.0,24.0,radio/TV
704.0,41.0,male,2.0,own,moderate,moderate,2503.0,30.0,business
705.0,32.0,female,2.0,own,little,moderate,2528.0,27.0,business
706.0,35.0,female,2.0,free,quite rich,little,5324.0,15.0,car
707.0,24.0,male,2.0,own,moderate,moderate,6560.0,48.0,car
708.0,25.0,female,2.0,rent,little,moderate,2969.0,12.0,furniture/equipment
709.0,25.0,female,2.0,own,little,moderate,1206.0,9.0,radio/TV
710.0,37.0,male,1.0,own,little,moderate,2118.0,9.0,radio/TV
711.0,32.0,male,3.0,own,quite rich,little,629.0,18.0,radio/TV
712.0,35.0,female,2.0,free,little,little,1198.0,6.0,education
713.0,46.0,male,3.0,own,little,little,2476.0,21.0,car
714.0,25.0,male,1.0,own,little,little,1138.0,9.0,radio/TV
715.0,27.0,male,3.0,own,little,moderate,14027.0,60.0,car
716.0,63.0,male,2.0,own,little,little,7596.0,30.0,car
717.0,40.0,male,2.0,own,little,little,3077.0,30.0,radio/TV
718.0,32.0,male,3.0,free,little,little,1505.0,18.0,radio/TV
719.0,31.0,male,2.0,own,little,rich,3148.0,24.0,radio/TV
720.0,31.0,male,2.0,own,moderate,moderate,6148.0,20.0,car
721.0,34.0,male,3.0,own,little,rich,1337.0,9.0,radio/TV
722.0,24.0,female,2.0,rent,rich,moderate,433.0,6.0,education
723.0,24.0,female,1.0,own,little,little,1228.0,12.0,car
724.0,66.0,female,1.0,own,quite rich,moderate,790.0,9.0,radio/TV
725.0,21.0,female,2.0,rent,little,little,2570.0,27.0,car
726.0,41.0,female,1.0,own,rich,little,250.0,6.0,car
727.0,47.0,male,1.0,own,quite rich,little,1316.0,15.0,radio/TV
728.0,25.0,female,2.0,rent,little,little,1882.0,18.0,radio/TV
729.0,59.0,female,2.0,rent,little,moderate,6416.0,48.0,business
730.0,36.0,male,2.0,own,rich,rich,1275.0,24.0,business
731.0,33.0,male,2.0,own,little,moderate,6403.0,24.0,radio/TV
732.0,21.0,male,1.0,rent,little,little,1987.0,24.0,radio/TV
733.0,44.0,female,1.0,own,little,moderate,760.0,8.0,radio/TV
734.0,28.0,female,2.0,rent,rich,little,2603.0,24.0,car
735.0,37.0,female,2.0,own,little,little,3380.0,4.0,car
736.0,29.0,female,0.0,own,little,moderate,3990.0,36.0,domestic appliances
737.0,23.0,female,3.0,rent,little,moderate,11560.0,24.0,car
738.0,35.0,male,1.0,own,moderate,little,4380.0,18.0,car
739.0,45.0,male,3.0,own,little,little,6761.0,6.0,car
740.0,26.0,female,1.0,rent,moderate,moderate,4280.0,30.0,business
741.0,32.0,male,2.0,own,moderate,little,2325.0,24.0,car
742.0,23.0,male,1.0,own,little,moderate,1048.0,10.0,radio/TV
743.0,41.0,male,2.0,own,little,little,3160.0,21.0,radio/TV
744.0,22.0,male,2.0,own,quite rich,little,2483.0,24.0,furniture/equipment
745.0,30.0,male,3.0,own,little,little,14179.0,39.0,furniture/equipment
746.0,28.0,male,1.0,own,little,little,1797.0,13.0,business
747.0,23.0,female,2.0,rent,little,little,2511.0,15.0,car
748.0,37.0,female,1.0,own,little,little,1274.0,12.0,car
749.0,26.0,male,2.0,own,little,little,5248.0,21.0,car
750.0,33.0,male,2.0,own,little,little,3029.0,15.0,car
751.0,49.0,female,2.0,own,little,little,428.0,6.0,furniture/equipment
752.0,23.0,female,1.0,own,little,little,976.0,18.0,car
753.0,23.0,female,1.0,rent,moderate,moderate,841.0,12.0,business
754.0,25.0,female,2.0,own,little,little,5771.0,30.0,radio/TV
755.0,55.0,male,2.0,free,rich,little,1555.0,12.0,repairs
756.0,32.0,female,2.0,rent,little,little,1285.0,24.0,car
757.0,74.0,male,0.0,own,little,rich,1299.0,6.0,car
758.0,39.0,male,2.0,free,little,rich,1271.0,15.0,radio/TV
759.0,31.0,male,2.0,own,little,little,1393.0,24.0,car
760.0,35.0,male,2.0,own,little,little,691.0,12.0,car
761.0,59.0,female,2.0,own,little,little,5045.0,15.0,car
762.0,24.0,female,2.0,rent,little,little,2124.0,18.0,furniture/equipment
763.0,24.0,male,1.0,own,little,little,2214.0,12.0,radio/TV
764.0,30.0,male,3.0,free,little,little,12680.0,21.0,car
765.0,27.0,male,2.0,own,moderate,little,2463.0,24.0,car
766.0,40.0,male,1.0,own,little,moderate,1155.0,12.0,radio/TV
767.0,31.0,male,1.0,own,little,little,3108.0,30.0,furniture/equipment
768.0,31.0,female,2.0,rent,little,little,2901.0,10.0,car
769.0,28.0,male,2.0,rent,little,moderate,3617.0,12.0,furniture/equipment
770.0,63.0,male,1.0,own,little,little,1655.0,12.0,radio/TV
771.0,26.0,female,2.0,rent,little,little,2812.0,24.0,car
772.0,25.0,female,3.0,own,little,little,8065.0,36.0,education
773.0,36.0,male,3.0,own,little,little,3275.0,21.0,car
774.0,52.0,male,2.0,own,moderate,little,2223.0,24.0,radio/TV
775.0,66.0,male,0.0,free,quite rich,rich,1480.0,12.0,car
776.0,25.0,female,2.0,rent,little,little,1371.0,24.0,car
777.0,37.0,male,2.0,own,little,little,3535.0,36.0,car
778.0,25.0,female,2.0,own,little,little,3509.0,18.0,radio/TV
779.0,38.0,male,3.0,own,rich,little,5711.0,36.0,car
780.0,67.0,female,2.0,own,little,moderate,3872.0,18.0,repairs
781.0,25.0,male,2.0,own,little,moderate,4933.0,39.0,radio/TV
782.0,60.0,male,2.0,own,rich,little,1940.0,24.0,car
783.0,31.0,male,1.0,own,little,moderate,1410.0,12.0,education
784.0,23.0,female,1.0,own,moderate,moderate,836.0,12.0,car
785.0,60.0,male,3.0,own,little,moderate,6468.0,20.0,car
786.0,35.0,male,1.0,own,rich,moderate,1941.0,18.0,business
787.0,40.0,male,2.0,own,quite rich,little,2675.0,22.0,radio/TV
788.0,38.0,male,2.0,own,little,little,2751.0,48.0,car
789.0,50.0,male,2.0,free,little,moderate,6224.0,48.0,education
790.0,27.0,male,2.0,own,little,little,5998.0,40.0,education
791.0,39.0,female,2.0,own,little,moderate,1188.0,21.0,business
792.0,41.0,male,3.0,own,little,little,6313.0,24.0,car
793.0,27.0,male,2.0,own,little,little,1221.0,6.0,furniture/equipment
794.0,51.0,male,2.0,free,little,rich,2892.0,24.0,furniture/equipment
795.0,32.0,male,2.0,rent,quite rich,little,3062.0,24.0,furniture/equipment
796.0,22.0,female,2.0,rent,moderate,little,2301.0,9.0,furniture/equipment
797.0,51.0,male,2.0,free,little,little,7511.0,18.0,car
798.0,22.0,female,1.0,rent,little,little,1258.0,12.0,furniture/equipment
799.0,54.0,male,2.0,own,little,little,717.0,24.0,car
800.0,35.0,male,0.0,own,little,moderate,1549.0,9.0,car
801.0,54.0,male,2.0,free,little,little,1597.0,24.0,education
802.0,48.0,female,1.0,rent,little,moderate,1795.0,18.0,radio/TV
803.0,24.0,female,2.0,own,little,little,4272.0,20.0,furniture/equipment
804.0,35.0,male,2.0,own,little,little,976.0,12.0,radio/TV
805.0,24.0,female,0.0,rent,little,moderate,7472.0,12.0,car
806.0,24.0,male,2.0,own,little,little,9271.0,36.0,car
807.0,26.0,male,1.0,own,little,moderate,590.0,6.0,radio/TV
808.0,65.0,male,2.0,own,little,little,930.0,12.0,radio/TV
809.0,55.0,male,3.0,free,little,moderate,9283.0,42.0,car
810.0,26.0,female,0.0,rent,little,moderate,1778.0,15.0,car
811.0,26.0,male,2.0,own,little,moderate,907.0,8.0,business
812.0,28.0,male,1.0,own,little,moderate,484.0,6.0,radio/TV
813.0,24.0,male,2.0,own,little,little,9629.0,36.0,car
814.0,54.0,male,2.0,own,little,little,3051.0,48.0,domestic appliances
815.0,46.0,male,2.0,free,little,little,3931.0,48.0,car
816.0,54.0,female,2.0,rent,little,moderate,7432.0,36.0,car
817.0,62.0,male,2.0,own,quite rich,little,1338.0,6.0,domestic appliances
818.0,24.0,female,2.0,rent,little,little,1554.0,6.0,radio/TV
819.0,43.0,male,3.0,own,little,little,15857.0,36.0,vacation/others
820.0,26.0,male,2.0,own,little,little,1345.0,18.0,radio/TV
821.0,27.0,male,2.0,own,little,little,1101.0,12.0,car
822.0,24.0,male,2.0,own,little,rich,3016.0,12.0,radio/TV
823.0,41.0,male,2.0,own,little,little,2712.0,36.0,furniture/equipment
824.0,47.0,male,1.0,own,little,little,731.0,8.0,car
825.0,35.0,male,3.0,own,little,little,3780.0,18.0,furniture/equipment
826.0,30.0,male,2.0,own,little,little,1602.0,21.0,car
827.0,33.0,female,2.0,rent,little,little,3966.0,18.0,car
828.0,36.0,male,2.0,own,little,little,4165.0,18.0,business
829.0,47.0,male,2.0,free,little,little,8335.0,36.0,car
830.0,38.0,male,2.0,free,little,moderate,6681.0,48.0,business
831.0,44.0,male,2.0,own,quite rich,little,2375.0,24.0,business
832.0,23.0,female,2.0,rent,little,little,1216.0,18.0,car
833.0,29.0,male,2.0,rent,little,little,11816.0,45.0,business
834.0,42.0,female,2.0,own,little,moderate,5084.0,24.0,radio/TV
835.0,25.0,female,1.0,own,little,rich,2327.0,15.0,radio/TV
836.0,48.0,male,2.0,own,little,little,1082.0,12.0,car
837.0,21.0,female,2.0,own,little,little,886.0,12.0,radio/TV
838.0,23.0,female,1.0,rent,little,little,601.0,4.0,furniture/equipment
839.0,63.0,male,2.0,own,little,little,2957.0,24.0,car
840.0,46.0,male,2.0,own,little,little,2611.0,24.0,radio/TV
841.0,29.0,male,2.0,own,little,little,5179.0,36.0,furniture/equipment
842.0,28.0,male,1.0,own,little,little,2993.0,21.0,car
843.0,23.0,female,2.0,own,little,little,1943.0,18.0,repairs
844.0,50.0,male,2.0,own,little,little,1559.0,24.0,business
845.0,47.0,male,2.0,own,little,little,3422.0,18.0,furniture/equipment
846.0,35.0,male,2.0,own,little,moderate,3976.0,21.0,furniture/equipment
847.0,68.0,male,2.0,rent,little,little,6761.0,18.0,car
848.0,28.0,male,2.0,own,little,little,1249.0,24.0,car
849.0,59.0,male,2.0,own,little,little,1364.0,9.0,radio/TV
850.0,57.0,male,1.0,own,little,little,709.0,12.0,radio/TV
851.0,33.0,male,2.0,rent,little,little,2235.0,20.0,car
852.0,43.0,male,2.0,own,little,little,4042.0,24.0,car
853.0,35.0,male,2.0,free,little,little,1471.0,15.0,radio/TV
854.0,32.0,male,1.0,free,little,little,1442.0,18.0,car
855.0,45.0,male,2.0,own,little,little,10875.0,36.0,car
856.0,33.0,male,2.0,own,moderate,little,1474.0,24.0,car
857.0,40.0,female,2.0,own,little,little,894.0,10.0,education
858.0,28.0,male,2.0,free,little,little,3343.0,15.0,furniture/equipment
859.0,29.0,female,2.0,own,little,little,3959.0,15.0,car
860.0,26.0,male,2.0,rent,moderate,little,3577.0,9.0,car
861.0,27.0,male,2.0,own,rich,little,5804.0,24.0,car
862.0,28.0,male,2.0,own,little,little,2169.0,18.0,business
863.0,35.0,female,2.0,own,little,little,2439.0,24.0,radio/TV
864.0,32.0,male,1.0,own,rich,little,4526.0,27.0,furniture/equipment
865.0,25.0,male,1.0,rent,little,little,2210.0,10.0,furniture/equipment
866.0,20.0,female,2.0,rent,quite rich,little,2221.0,15.0,furniture/equipment
867.0,27.0,female,2.0,own,little,little,2389.0,18.0,radio/TV
868.0,42.0,male,2.0,own,little,little,3331.0,12.0,furniture/equipment
869.0,37.0,male,2.0,own,little,little,7409.0,36.0,business
870.0,24.0,female,2.0,rent,little,little,652.0,12.0,furniture/equipment
871.0,40.0,female,2.0,own,quite rich,little,7678.0,36.0,furniture/equipment
872.0,46.0,male,2.0,own,little,rich,1343.0,6.0,car
873.0,26.0,male,2.0,own,moderate,little,1382.0,24.0,business
874.0,24.0,female,2.0,own,little,little,874.0,15.0,domestic appliances
875.0,29.0,male,1.0,own,little,little,3590.0,12.0,furniture/equipment
876.0,40.0,female,2.0,own,rich,moderate,1322.0,11.0,car
877.0,36.0,male,3.0,free,little,little,1940.0,18.0,radio/TV
878.0,28.0,male,2.0,own,little,little,3595.0,36.0,radio/TV
879.0,27.0,male,3.0,free,little,little,1422.0,9.0,car
880.0,36.0,male,2.0,own,little,little,6742.0,30.0,radio/TV
881.0,38.0,male,3.0,own,little,little,7814.0,24.0,car
882.0,48.0,male,2.0,free,little,little,9277.0,24.0,car
883.0,36.0,male,2.0,own,little,moderate,2181.0,30.0,car
884.0,65.0,female,0.0,own,little,little,1098.0,18.0,radio/TV
885.0,43.0,male,2.0,own,little,moderate,4057.0,24.0,furniture/equipment
886.0,53.0,female,2.0,own,little,little,795.0,12.0,education
887.0,34.0,male,2.0,own,little,moderate,2825.0,24.0,business
888.0,23.0,male,2.0,own,little,moderate,15672.0,48.0,business
889.0,34.0,male,3.0,own,little,little,6614.0,36.0,car
890.0,40.0,male,2.0,rent,little,little,7824.0,28.0,car
891.0,43.0,male,3.0,own,little,little,2442.0,27.0,business
892.0,46.0,male,2.0,own,little,little,1829.0,15.0,radio/TV
893.0,38.0,male,1.0,own,little,little,2171.0,12.0,car
894.0,34.0,male,2.0,own,little,moderate,5800.0,36.0,car
895.0,29.0,male,2.0,own,little,little,1169.0,18.0,radio/TV
896.0,31.0,male,3.0,own,little,little,8947.0,36.0,car
897.0,28.0,female,3.0,rent,little,little,2606.0,21.0,radio/TV
898.0,35.0,female,2.0,own,rich,little,1592.0,12.0,furniture/equipment
899.0,33.0,female,1.0,rent,little,little,2186.0,15.0,furniture/equipment
900.0,42.0,male,2.0,own,little,little,4153.0,18.0,furniture/equipment
901.0,43.0,male,2.0,rent,little,little,2625.0,16.0,car
902.0,44.0,male,2.0,own,little,little,3485.0,20.0,car
903.0,42.0,male,2.0,free,little,little,10477.0,36.0,car
904.0,40.0,male,2.0,rent,little,little,1386.0,15.0,radio/TV
905.0,36.0,male,3.0,own,little,little,1278.0,24.0,radio/TV
906.0,20.0,male,3.0,rent,little,little,1107.0,12.0,radio/TV
907.0,24.0,male,1.0,own,little,little,3763.0,21.0,car
908.0,27.0,male,2.0,own,little,moderate,3711.0,36.0,education
909.0,46.0,female,1.0,own,little,little,3594.0,15.0,car
910.0,33.0,female,1.0,own,little,moderate,3195.0,9.0,car
911.0,34.0,female,2.0,own,little,little,4454.0,36.0,radio/TV
912.0,25.0,female,1.0,own,little,moderate,4736.0,24.0,furniture/equipment
913.0,25.0,female,2.0,own,little,moderate,2991.0,30.0,radio/TV
914.0,28.0,male,2.0,own,rich,little,2142.0,11.0,business
915.0,31.0,male,2.0,rent,little,little,3161.0,24.0,business
916.0,32.0,female,3.0,own,little,moderate,18424.0,48.0,vacation/others
917.0,32.0,male,2.0,own,moderate,little,2848.0,10.0,car
918.0,68.0,male,3.0,own,little,little,14896.0,6.0,car
919.0,33.0,male,2.0,own,moderate,little,2359.0,24.0,furniture/equipment
920.0,39.0,male,3.0,rent,little,little,3345.0,24.0,furniture/equipment
921.0,28.0,female,2.0,own,little,little,1817.0,18.0,furniture/equipment
922.0,37.0,male,3.0,own,quite rich,little,12749.0,48.0,radio/TV
923.0,22.0,female,2.0,rent,little,little,1366.0,9.0,radio/TV
924.0,30.0,male,2.0,rent,little,moderate,2002.0,12.0,car
925.0,55.0,male,2.0,own,little,little,6872.0,24.0,furniture/equipment
926.0,46.0,male,2.0,own,little,little,697.0,12.0,car
927.0,21.0,female,2.0,rent,little,little,1049.0,18.0,furniture/equipment
928.0,39.0,male,2.0,free,little,little,10297.0,48.0,car
929.0,58.0,male,2.0,own,little,little,1867.0,30.0,radio/TV
930.0,43.0,male,1.0,own,little,little,1344.0,12.0,car
931.0,24.0,male,1.0,own,little,little,1747.0,24.0,furniture/equipment
932.0,22.0,female,2.0,own,little,moderate,1670.0,9.0,radio/TV
933.0,30.0,male,2.0,own,little,little,1224.0,9.0,car
934.0,42.0,male,2.0,own,quite rich,little,522.0,12.0,radio/TV
935.0,23.0,female,2.0,own,little,little,1498.0,12.0,radio/TV
936.0,30.0,male,3.0,own,moderate,moderate,1919.0,30.0,radio/TV
937.0,28.0,female,1.0,own,little,rich,745.0,9.0,radio/TV
938.0,30.0,male,3.0,rent,little,moderate,2063.0,6.0,radio/TV
939.0,42.0,male,2.0,free,little,moderate,6288.0,60.0,education
940.0,46.0,male,3.0,own,little,little,6842.0,24.0,car
941.0,45.0,male,3.0,own,little,little,3527.0,12.0,car
942.0,31.0,male,1.0,own,little,little,1546.0,10.0,car
943.0,31.0,male,2.0,own,little,little,929.0,24.0,furniture/equipment
944.0,42.0,male,1.0,own,little,little,1455.0,4.0,car
945.0,46.0,female,2.0,rent,little,little,1845.0,15.0,furniture/equipment
946.0,30.0,female,2.0,own,quite rich,moderate,8358.0,48.0,car
947.0,30.0,male,2.0,free,quite rich,little,3349.0,24.0,furniture/equipment
948.0,38.0,male,3.0,own,little,little,2859.0,12.0,car
949.0,43.0,male,1.0,own,little,little,1533.0,18.0,furniture/equipment
950.0,31.0,male,2.0,own,moderate,little,3621.0,24.0,radio/TV
951.0,40.0,male,0.0,own,little,moderate,3590.0,18.0,business
952.0,24.0,male,2.0,own,little,little,2145.0,36.0,business
953.0,28.0,female,2.0,rent,quite rich,moderate,4113.0,24.0,car
954.0,26.0,female,3.0,own,little,little,10974.0,36.0,furniture/equipment
955.0,29.0,female,2.0,own,little,little,1893.0,12.0,car
956.0,57.0,female,3.0,rent,rich,little,1231.0,24.0,radio/TV
957.0,49.0,male,1.0,own,little,rich,3656.0,30.0,radio/TV
958.0,37.0,male,1.0,own,little,moderate,1154.0,9.0,radio/TV
959.0,45.0,male,1.0,own,little,little,4006.0,28.0,car
960.0,30.0,male,2.0,free,moderate,moderate,3069.0,24.0,furniture/equipment
961.0,30.0,male,2.0,rent,little,little,1740.0,6.0,radio/TV
962.0,47.0,male,2.0,own,little,moderate,2353.0,21.0,car
963.0,29.0,male,2.0,own,little,little,3556.0,15.0,car
964.0,35.0,male,2.0,own,quite rich,little,2397.0,24.0,radio/TV
965.0,22.0,male,1.0,own,little,moderate,454.0,6.0,repairs
966.0,26.0,female,2.0,own,little,moderate,1715.0,30.0,radio/TV
967.0,23.0,male,1.0,own,quite rich,moderate,2520.0,27.0,radio/TV
968.0,54.0,female,3.0,rent,little,little,3568.0,15.0,radio/TV
969.0,29.0,male,2.0,rent,little,little,7166.0,42.0,radio/TV
970.0,40.0,male,1.0,own,little,little,3939.0,11.0,car
971.0,22.0,male,2.0,own,moderate,moderate,1514.0,15.0,repairs
972.0,43.0,male,1.0,own,little,little,7393.0,24.0,car
973.0,29.0,female,0.0,rent,little,little,1193.0,24.0,car
974.0,36.0,male,2.0,rent,little,little,7297.0,60.0,business
975.0,33.0,female,2.0,own,little,little,2831.0,30.0,radio/TV
976.0,57.0,female,1.0,own,quite rich,rich,1258.0,24.0,radio/TV
977.0,64.0,female,2.0,own,little,moderate,753.0,6.0,radio/TV
978.0,42.0,male,2.0,own,little,moderate,2427.0,18.0,business
979.0,47.0,male,1.0,own,little,little,2538.0,24.0,car
980.0,25.0,male,2.0,rent,moderate,moderate,1264.0,15.0,car
981.0,49.0,male,2.0,own,little,moderate,8386.0,30.0,furniture/equipment
982.0,33.0,male,3.0,rent,little,little,4844.0,48.0,business
983.0,28.0,female,3.0,own,moderate,rich,2923.0,21.0,car
984.0,26.0,male,2.0,own,little,little,8229.0,36.0,car
985.0,30.0,male,1.0,own,little,little,2028.0,24.0,furniture/equipment
986.0,25.0,female,2.0,rent,little,little,1433.0,15.0,furniture/equipment
987.0,33.0,male,2.0,own,little,rich,6289.0,42.0,business
988.0,64.0,female,2.0,own,moderate,little,1409.0,13.0,radio/TV
989.0,29.0,male,3.0,free,little,little,6579.0,24.0,car
990.0,48.0,male,1.0,own,little,moderate,1743.0,24.0,radio/TV
991.0,37.0,male,1.0,own,little,little,3565.0,12.0,education
992.0,34.0,male,1.0,own,moderate,little,1569.0,15.0,radio/TV
993.0,23.0,male,1.0,rent,little,little,1936.0,18.0,radio/TV
994.0,30.0,male,3.0,own,little,little,3959.0,36.0,furniture/equipment
995.0,50.0,male,2.0,own,little,little,2390.0,12.0,car
996.0,31.0,female,1.0,own,little,little,1736.0,12.0,furniture/equipment
997.0,40.0,male,3.0,own,little,little,3857.0,30.0,car
998.0,38.0,male,2.0,own,little,little,804.0,12.0,radio/TV
999.0,23.0,male,2.0,free,little,little,1845.0,45.0,radio/TV
1000.0,27.0,male,2.0,own,moderate,moderate,4576.0,45.0,car
